test1451	where do they get the hair for a hair transplant
test51	who performed the first c section in 1794
test567	where was a hologram for the king filmed
test1612	what was the purpose of a revival meeting during the second great awakening
test1164	what does the application of contract of adhesion mean
test1094	when did the anti smacking law come in nz
test229	when did scotland last qualify for world cup
test298	where does the expression go commando come from
test605	when did goku first go super saiyan 4
test2227	who did the dominican republic gain its independence from
test676	when do you pray the chaplet of divine mercy
test1651	who played ricky in secret life of the american teenager
test2127	what is the first book of percy jackson
test3241	when did the granite mountain hotshots get certified
test1173	china in chinese is called zhongguo which means
test1814	what is the main issue behind starlink corn
test1767	where does the white witch live in narnia
test2359	who played mrs warboys in one foot in the grave
test3284	where does the microchip go in a dog
test794	who is given credit for the gnu initiative
test1501	where is the tv show the curse of oak island filmed
test2378	why was hong kong important to the british empire
test2762	who sang picking up pebbles and throwing them into the sea
test2801	theme of the song roar by katy perry
test2610	what is the series ozark about on netflix
test32	what are bulls used for on a farm
test1105	who plays noah newman on the young and the restless
test1023	what type of planet is neptune known as
test1748	when was son of a preacher man released
test463	who controls the consolidated fund of the state
test1956	where do the florida marlins have spring training
test1022	who played the girl in my two dads
test712	who is stillwater from almost famous based on
test602	who were the judges on dancing on ice 2014
test2750	how many house of representative do we have in nigeria
test1533	when is the fourth movie of the divergent series coming out
test183	which gene segments code for the variable region of the heavy chain
test1626	when was the minimum wage established in the united states
test2802	who picks the players in the nfl draft
test1807	who said the only thing we have to fear is fear itself
test929	where did they film woody the woodpecker movie
test1929	who sang with eternal on i wanna be the only one
test402	who created the borders of africa's countries
test746	original cast of natasha pierre and the great comet of 1812
test2585	what is united nations declaration of human rights
test2099	when did the movie breakfast club come out
test3084	who is the writer of a walk to remember
test2042	who wrote how do you do it by gerry and the pacemakers
test538	when did tel aviv become the capital of israel
test194	what is the function of the semicolon in a c statement
test1921	how much were the actors in the office paid
test1362	when does the men's worlds curling start
test1188	where was the bridge in saving private ryan
test3435	what was the date of the signing of the declaration of independence
test3154	where do they film last man on earth
test1588	what album is sacrifice by elton john on
test134	how many different kinds of pokemon cards are there
test3159	who plays the dad in malcom in the middle
test2994	what states were most affected by the dust bowl
test2633	who played mike stivic on all in the family
test1745	whats the difference between tomato paste and tomato puree
test1128	one important reason for a large variety of wildlife found in india
test203	where did the name bubble and squeak come from
test871	what made the united states and the soviet union emerge from the war as superpowers
test192	does the jungle book take place in india
test70	when does isle of dogs come out in us
test1681	what gun does the california highway patrol use
test1666	what do the films mean in high castle
test3203	where was the italian episode of everybody loves raymond filmed
test358	when did aint get added to the dictionary
test1726	how many models are there in iphone 6
test1200	islamic term for the community of the faithful
test2115	true or false the term big data refers only to the amount of data being generated
test2846	who is the actress that plays penny on the big bang theory
test3209	who sings good night on the beatles white album
test2078	who invented the first computer game in 1962 and what was the name of the game
test3331	what is the purpose of the national do not call registry
test479	what engine is in a holden v8 supercar
test3115	how many hospitals are there in the united states
test309	the initial unification of upper and lower egypt took place during which period
test1566	where are most nutrients absorbed in the human digestive tract
test1624	who did the astros play last time they were in the world series
test1554	where does the brain get its energy from
test52	who sang in the movie i walk the line
test864	who came up with the idea of using convoys
test1255	what are the types of information system application
test2102	what are the value of style guides and style sheet
test948	who was selected for the 2018 football hall of fame
test2005	where does the name loyola university come from
test3268	what does disk cleanup mean on a computer
test2346	who played cory's older brother on boy meets world
test1399	when was fingerprinting first used by the police
test144	who was the original host of what's my line
test2319	how many branches of reserve bank of india in india
test76	what year did the price is right first air
test2290	who won the battle of stirling bridge 1297
test2358	who acts as the chairman of the election commission
test17	when did the us take over wake island
test3250	how many episodes in season 2 of fargo
test1586	who plays the evil doctor in wonder woman
