1	Budget friendly cities for travelers
2	Family friendly cities for vacations
3	Charming small town cities
4	Best cities for an anniversary celebration
5	Great cities to celebrate a child's birthday
6	Cities for a high school graduation trip
7	Must Visit cities for your bucket list
8	Youth Friendly cities for travelers
9	Most romantic cities for a honeymoon
10	Cities for a rejuvenating retreat
11	Top cities for luxury travel
12	Best cities to avoid crowds
13	Great cities for solo travelers
14	Perfect cities for introverts
15	Culinary cities for food lovers
16	Best cities for winter vacations
17	Top cities for adventure seekers
18	Best cities to visit for cultural experiences
19	Cities for art lovers
20	I love histroy and culture in Rome. I want similar cities.
21	Cities with a natural atmosphere
22	Most beautiful island cities to explore
23	Hidden gem cities for a peaceful holiday
24	Cities known for entertainment
25	Cities for sports enthusiasts
26	Top cities for shopping enthusiasts
27	Safest cities for travel
28	Cleanest cities to visit
29	Leading tech hub cities
30	Recommended cities for company teambuilding
31	Picturesque cities for photography enthusiasts
32	Ideal cities for a digital detox
33	Cities with the most interesting and unique content for vloggers
34	Educational cities for student trips
35	Top cities for leisurely strolls
36	Best cities for museum enthusiasts
37	Most popular destinations for theme park enthusiasts.
38	Leading nightlife destinations around the world
39	I want to explore unique local events
40	Top cities for music lovers
41	Spectacular coastal cities
42	Top destinations renowned for their architectural landmarks
43	Beautiful cities near water bodies
44	I want to relax on beautiful beaches
45	Top cities for wildlife enthusiasts
46	Top cities for fashion aficionados
47	I want to capture stunning sunshine
48	Best cities for water activities
49	Best cities for movie buffs
50	Vibrant cities known for their tropical atmosphere
