507646	symptoms of flu a & b in children
915913	what types of volcanoes
460162	mri what to expect
1098570	how long did barack obama be president
841551	what is the proper name for a cartilage cell?
657531	what enzyme is used in translation
356626	how to drink warm lemon water
1002938	when was itsfunneh born
988386	who narrated the uncola commercial
669486	what hormones cause labor
1077619	will marijuana be legalized
799646	what is state of alabama income tax rate
1000179	where does andean condor live
592642	what causes the immune system to fail
534910	usps mail cost
997044	where is the town of corsicana
1043885	cost to get personal trainer certification
561291	what are lsu colors
1101421	different time zones of united states
1089711	the story of hamilton
1005695	which astronomer supporeted the belief that earth was at the center of the universe while all other planets and celestial objects orbited around it
296027	how many space electrical panel do i need
126341	define refrain in music
326624	how much protein is in a cup of blueberries
1085192	what credit score do i need to use va home loan
1100137	are lesser apes hylobates
1100912	effect of dissociative disorder
914602	what type of software allows users?
129056	define water droplet
906355	what to do for dry eyes
967277	where bob crane born
768096	what is male puberty
1073372	what is a frame of reference
1025483	what make up the pistil in the female flower
634531	what does class b building mean
1006585	when did laura ingalls wilder live
617159	what days does the post office deliver mail
376052	how to remove header from first page
1043413	who made rihanna famous
602761	what county is baker city oregon in
1038200	what is the icd code for major depressive disorder
613927	what county is tyndall afb in
1096165	how much does alex trebek worth
715578	what is an interim obturator prosthesis
1095170	how old is reese witherspoon's daughter, ava
1087197	what are tambos
929947	what's a week
458254	most liberal democrats in congress
405830	is celsius measured in degrees
781354	what is paracetamol used as a pain relief
880780	what nationality is middle eastern
483102	proposition psychology definition
341516	how tall is the statue of liberty?
995906	which architect designed prairie style houses, which blended in with the prairie landscape
1040793	what is the difference between banks and credit unions
793172	what is salary of fbi director
787520	what is prorated taxes
1101403	different types of headaches chart
388414	how wide is standard countertop
257314	how long does it take to get your cpa
1083687	what does holo mean
207201	how are air masses named
1087628	what are examples of short term & long goals in resume?
997183	where is the open championship
929940	what's a vpn server
532528	universal champion brock lesnar wwe world heavyweight champion
216613	how do car brakes work
406923	is commemorative air force contribution tax deductible?
95872	common types of skin cancer
455963	montreal canadiens habs meaning
1093548	largest refining companies in the us
757028	what is ice cream milk
470611	outflow boundary definition
1084750	what do people do on spring break
1024195	who are the jackals?
413455	is it bad if you only brush your teeth once a day
328672	how much time should you cook smoked turkey wings
1033971	what is the purpose for a bond in ga
735381	what is county for charleroi pa
1091194	qsen definition of safety
503433	stcu spokane routing number
1056080	what is egis
912982	what type of investment is a 401k
775797	what is needed for a passport
1089623	time difference between qatar and usa
912961	what type of insurance is humana supplemental
696747	what is a pulmonary doctor?
1024942	what medication treat insulin resistance
1084417	what does a polished exhaust tip do
1095407	how much to rent napkins
477173	population indiana elkhart county
1057154	what is das for
440759	list of food for adrenal glands
840852	what is the primary purpose of a medical record
645951	what does postprandial blood sugars mean
1092859	medical license number for kevin harrington md washington
576034	what are torsion springs used in
1034157	what is the price of a rainbow carpet cleaner attachment
1000760	define: controls engineering
1021363	what salaries to lawyers make
