query_id	query
0	salon chair
1	smart coffee table
2	dinosaur
3	turquoise pillows
4	chair and a half recliner
5	sofa with ottoman
6	acrylic clear chair
7	driftwood mirror
8	home sweet home sign
9	coffee table fire pit
10	king poster bed
11	ombre rug
12	large spoon and fork wall decor
13	outdoor privacy wall
14	beds that have leds
15	black 5 drawer dresser by guilford
16	blk 18x18 seat cushions
17	closet storage with zipper
18	chrome bathroom 4 light vanity light
20	foutains with brick look
21	living curtains pearl
22	light and navy blue decorative pillow
24	wood coffee table set by storage
25	sunflower
26	leather chairs
27	outdoor welcome rug
28	rooster decor
29	bathroom vanity knobs
30	3 1/2 inch drawer pull
31	burnt orange curtains
32	dark gray dresser
33	non slip shower floor tile
34	bar stool with backrest
35	enclosed shoe rack
36	laundry basket with wheels
37	bar stool 24 inches height
38	calvin patio chair
39	door jewelry organizer
40	elegant executive chair
41	closet pull out valet rod
42	toddler couch fold out
43	solid teak end table
44	chrome shower head and valve
45	70s inspired furniture
46	beach blue headboard
48	arwen table lamp
50	tufted chair with gold legs
51	kohen 5 drawer dresser
54	wayfair sleep zippered
55	tollette teal outdoor rug
57	jordanna solid wood rocking
58	medium size chandelier
59	broadway lever
60	capricorn chest
61	overstreet rustic pub stools
62	7qt slow cooker
63	monthly calendar
64	zachary 72.5
65	gnome fairy garden
66	novara pergola
68	nautical platters
69	wall sconce with usb port
70	annex dresser
71	infant girl crib bedding
72	fold in half table
74	serta kleinmon
75	sheffield home bath set
76	46 inch closet door
77	sancroft armchair
78	dorel vanity
80	7 draw white dresser
81	orren ellis l shape desk
82	bathroom vanity with counter space
84	full metal bed rose gold
86	aloe vera plant pot
88	rose gold lounge
89	whimsical solar lights
91	industrial pipe dining  table
93	outdoor sectional dining
94	kohler whitehaven farmhouse kitchen sink
95	entertainment stand end table
96	bar room wall decor
97	regner power loom red
100	tufted upholstered bed diamond
101	48 in entry table with side by side drawer
102	flamingo
103	kitchen anti fatigue mats
104	flour and sugar containers
105	outdoor movie screen
106	bed risers
107	front porch furniture sets
108	ayesha curry kitchen
109	hillsby oriental rug
111	delta trinsic
112	pineapple
113	led light strip
114	geralyn upholstered storage platform bed
115	peacock
117	tall storage cabinet
118	body pillow case
119	welcome sign
120	zodiac pillow
121	upholstered bed
122	king size bed
123	entrance table
124	unique coffee tables
125	boho bed frame
126	leather dining chairs
127	wine bar
128	block coffee table
129	wainscoting ideas
130	entertainment console
131	kids chair
132	farmhouse cabinet
133	outdoor light fixtures
134	black hanging bookshelf
135	low profile loveseat recliner
137	orren ellis l shaped desk
138	glass doors for bath
140	wire basket with dividers
141	podium with locking cabinet
142	kitchen wooden stand
143	queen wingback chair
144	rug plum
145	liberty hardware francisco
146	laundry vanity cabinet
147	drum picture
148	industrial
149	mid century modern
150	dumbbells
151	leather chair
152	wishbone chair
153	bohemian
155	floating bed
156	papasan chair frame only
157	velvet chaise
158	led nightstand
159	meditation
160	marble
161	accent chair recliner
162	turquoise chair
163	dual monitor stand
164	modern outdoor furniture
165	kitchen storage shelves
166	feather wall art
167	camper
169	coffee bar buffet
170	zen
172	picasso
173	bedroom accessories
175	basket planter
176	mexican art
177	rustic storage cabinet
178	almost heaven sauna
180	outdoor lounge cushions
181	e12/candelabra
182	penny round tile
183	farmhouse bread box
184	sugar canister
185	lunch bag
186	board game storage cabinet
188	bedroom wall decor floral, multicolored with some teal (prints)
189	big basket for dirty cloths
190	benjiamino faux leather power lift chair
195	black freestanding tub  with faucet
197	desk for kids tjat ate 10 year old
198	cake plates with tops
200	ceramic tile sea shell
202	full mattress padded liner
203	ge top loading washer 4.5
204	fleur de lis living candle wall sconce bronze
205	ines shag rug w003096809
206	grill cover 73
210	love seat wide faux leather tuxedo arm sofa
212	nettie 5 pc bar set
213	kraus kitchen sink faucet oletto kpf 2820 sfs
215	king adjustable bed including mattress
216	music plug wall plate
220	sheets for twinxl
221	small space dining table and chairs sets
222	small loving roomtables
223	wisdom stone river 3-3/4
224	twin over full bunk beds cool desins
225	white splashproof shiplap wallpaper
226	power lift chair
227	owl
228	bee
229	waterfall faucet
230	gold
231	anti fatigue mat
232	storage dresser
233	kelly clarkson light fixtures
234	artificial orchid arrangement
235	bathroom wastebasket
236	3 piece rug set with runners
237	cloud modular sectional
238	outdoor seat/back cushion
239	bathroom single faucet
240	eiffel tower wall art
241	decorative wall clocks
242	accent leather chair
243	indoor multi tiered plant stand
244	pull out sleeper loveseat
245	anchor decor
246	clear shower curtain
247	beaded curtains
248	surge protector
249	bistro table and chairs
250	multi color rug
251	coffee container
252	accent chairs living room
253	antique brass faucet
254	comfortable accent chair
255	desk and chair set
256	high weight capacity bunk beds
257	living room coffee table sets
258	breakfast bar table
260	retractable side awning
261	semi flush foyer light
262	bathroom freestanding cabinet
263	small curtain rods
264	cortez pillow
266	champagne velvet desk chair
267	dolomite subway tile
268	betty resin free standing umbrella
270	edge chair mat
271	chinese flower stand
273	stainless steel free standing shower caddy
274	gowdy height adjustable standing desk
275	hinged square ottoman
277	barstool patio sets
278	parakeet toy
279	marlon tufted queen bed
281	brunk ship wheel
282	grantola wall mirror
283	gaia driftwood table
285	"48"" sliding single track , barn door for laundry"
287	cover set for outdoor furniture
289	coma inducer comforter king set
291	front door cabinet with doors
292	decorative white pillow
293	wood floor protector mat
295	end table between recliners
296	zakariyah twin platform
297	seat cushions desk
298	small woven pouf
300	animal print handmade tufted wool beige/black area rug by allmodern
301	circle cabinet pulls
302	mattress foam topper queen
303	hawaii vintage art
305	ligth bulb
306	mobley zero gravity adjustable bed with wireless remote
307	real touch roses floral arrangements in glass vase
308	led 60
310	meade mirror
311	odum velvet
312	coat rack for bedroom
313	malachi sled
314	body pillow and case
315	medium clips
316	rolande heavy duty power lift assist recliner
317	hulmeville writing desk with hutch
318	sunjoy lantern
319	landis wall mounted bathroom shelves
320	blaylock bookcase headboard
321	hussain handmade tufted magenta rug
323	hub leaning full length mirror
324	chase utility laundry cart
325	outdoor waterproof chest
326	bowersville ladder writing desk
327	kohler purist brushed bronze
328	golub dining table
329	wayfair tension rod
330	kari 2 piece
331	upholstered girls bed
332	attleboro drum coffee table
333	stainless steel colander set
334	itchington butterfly
335	canadian
336	mystic swivel
337	iittala bowl
338	mahone porch rocking chair
339	ruckus chair
340	berenice 4 storage cabinet
341	canvas map art
342	brendon counter stool
346	nesting tray set
349	mud room sign
352	amarillo
353	pennfield playhouse
355	argenteuil
357	tall free standing pet gate
358	sliding closet mirror
359	french molding
361	kisner
363	fortunat coffee table
365	gas detector
367	wooden chair outdoor
368	pasta tools
369	wrought tv stand
370	rug for teen room
371	milk cow chair
372	verden callan
376	island estate coffee table
380	gravity feeder
382	counter top one cup hot water dispenser
384	dining table vinyl cloth
389	brush nickel faucet bathroom
391	"writing desk 48"""
396	alyse 8 light
398	super bright lights
401	glass lsmp shades
402	modern farmhouse lighting semi flush mount
403	wood rack wide
404	large cushion outdoor chair
406	refrigerator with ice an water in door
407	huge bookcase
408	girl reading statue
409	teal chair
410	pool floats
411	outdoor clock
412	jennie tufted upholstered low profile platform bed
413	burruss patio sectional with cushions
414	shower hooks
415	toilet paper stand
417	twin bed frame
418	writing desk
419	living room ideas
420	tile backsplash
421	dining room tables
422	ergonomic chair
423	wall shelves
424	wayfair comforters
425	side table with storage
426	outdoor storage
428	kitchen storage cabinet
429	gray dresser
430	30 inch bathroom vanity
431	shoe bench entryway
432	butcher block island
433	trundle daybed
434	bathroom lighting
435	shoe closet
436	full bed with trundle
437	kitchen islands with seating
438	indoor water fountain
439	parsons chairs
440	wood bar stools
441	desk for kids
442	above toilet cabinet
443	patio design
444	outdoor lounge chair
445	chaise lounge couch
446	card table
447	tall buffet cabinet
448	bed side table
449	living room designs
453	midcentury tv unit
455	deer coat hooks
456	wall design shelf
459	tye dye duvet cover
460	small wardrobe grey
461	luau string lights
463	bistro sets patio
464	cake cutlery
465	white abstract
466	rock climbing wall kids
468	glow in the dark silent wall clock
469	garage sports storage rack
470	elephant framed
471	adjustable height artist stool
472	window wall accent
473	chair pillow cushion
476	hardwood beds
478	worn leather office chair
481	emma headboard
482	48 inch kitchen hood
483	rustic twig
487	rack glass
